"Label (Grouping)","ZCTA5 90043!!Occupied housing units!!Estimate","ZCTA5 90043!!Occupied housing units!!Margin of Error","ZCTA5 90043!!Percent occupied housing units!!Estimate","ZCTA5 90043!!Percent occupied housing units!!Margin of Error","ZCTA5 90043!!Owner-occupied housing units!!Estimate","ZCTA5 90043!!Owner-occupied housing units!!Margin of Error","ZCTA5 90043!!Percent owner-occupied housing units!!Estimate","ZCTA5 90043!!Percent owner-occupied housing units!!Margin of Error","ZCTA5 90043!!Renter-occupied housing units!!Estimate","ZCTA5 90043!!Renter-occupied housing units!!Margin of Error","ZCTA5 90043!!Percent renter-occupied housing units!!Estimate","ZCTA5 90043!!Percent renter-occupied housing units!!Margin of Error","ZCTA5 90045!!Occupied housing units!!Estimate","ZCTA5 90045!!Occupied housing units!!Margin of Error","ZCTA5 90045!!Percent occupied housing units!!Estimate","ZCTA5 90045!!Percent occupied housing units!!Margin of Error","ZCTA5 90045!!Owner-occupied housing units!!Estimate","ZCTA5 90045!!Owner-occupied housing units!!Margin of Error","ZCTA5 90045!!Percent owner-occupied housing units!!Estimate","ZCTA5 90045!!Percent owner-occupied housing units!!Margin of Error","ZCTA5 90045!!Renter-occupied housing units!!Estimate","ZCTA5 90045!!Renter-occupied housing units!!Margin of Error","ZCTA5 90045!!Percent renter-occupied housing units!!Estimate","ZCTA5 90045!!Percent renter-occupied housing units!!Margin of Error","ZCTA5 90250!!Occupied housing units!!Estimate","ZCTA5 90250!!Occupied housing units!!Margin of Error","ZCTA5 90250!!Percent occupied housing units!!Estimate","ZCTA5 90250!!Percent occupied housing units!!Margin of Error","ZCTA5 90250!!Owner-occupied housing units!!Estimate","ZCTA5 90250!!Owner-occupied housing units!!Margin of Error","ZCTA5 90250!!Percent owner-occupied housing units!!Estimate","ZCTA5 90250!!Percent owner-occupied housing units!!Margin of Error","ZCTA5 90250!!Renter-occupied housing units!!Estimate","ZCTA5 90250!!Renter-occupied housing units!!Margin of Error","ZCTA5 90250!!Percent renter-occupied housing units!!Estimate","ZCTA5 90250!!Percent renter-occupied housing units!!Margin of Error","ZCTA5 90301!!Occupied housing units!!Estimate","ZCTA5 90301!!Occupied housing units!!Margin of Error","ZCTA5 90301!!Percent occupied housing units!!Estimate","ZCTA5 90301!!Percent occupied housing units!!Margin of Error","ZCTA5 90301!!Owner-occupied housing units!!Estimate","ZCTA5 90301!!Owner-occupied housing units!!Margin of Error","ZCTA5 90301!!Percent owner-occupied housing units!!Estimate","ZCTA5 90301!!Percent owner-occupied housing units!!Margin of Error","ZCTA5 90301!!Renter-occupied housing units!!Estimate","ZCTA5 90301!!Renter-occupied housing units!!Margin of Error","ZCTA5 90301!!Percent renter-occupied housing units!!Estimate","ZCTA5 90301!!Percent renter-occupied housing units!!Margin of Error","ZCTA5 90302!!Occupied housing units!!Estimate","ZCTA5 90302!!Occupied housing units!!Margin of Error","ZCTA5 90302!!Percent occupied housing units!!Estimate","ZCTA5 90302!!Percent occupied housing units!!Margin of Error","ZCTA5 90302!!Owner-occupied housing units!!Estimate","ZCTA5 90302!!Owner-occupied housing units!!Margin of Error","ZCTA5 90302!!Percent owner-occupied housing units!!Estimate","ZCTA5 90302!!Percent owner-occupied housing units!!Margin of Error","ZCTA5 90302!!Renter-occupied housing units!!Estimate","ZCTA5 90302!!Renter-occupied housing units!!Margin of Error","ZCTA5 90302!!Percent renter-occupied housing units!!Estimate","ZCTA5 90302!!Percent renter-occupied housing units!!Margin of Error","ZCTA5 90303!!Occupied housing units!!Estimate","ZCTA5 90303!!Occupied housing units!!Margin of Error","ZCTA5 90303!!Percent occupied housing units!!Estimate","ZCTA5 90303!!Percent occupied housing units!!Margin of Error","ZCTA5 90303!!Owner-occupied housing units!!Estimate","ZCTA5 90303!!Owner-occupied housing units!!Margin of Error","ZCTA5 90303!!Percent owner-occupied housing units!!Estimate","ZCTA5 90303!!Percent owner-occupied housing units!!Margin of Error","ZCTA5 90303!!Renter-occupied housing units!!Estimate","ZCTA5 90303!!Renter-occupied housing units!!Margin of Error","ZCTA5 90303!!Percent renter-occupied housing units!!Estimate","ZCTA5 90303!!Percent renter-occupied housing units!!Margin of Error","ZCTA5 90304!!Occupied housing units!!Estimate","ZCTA5 90304!!Occupied housing units!!Margin of Error","ZCTA5 90304!!Percent occupied housing units!!Estimate","ZCTA5 90304!!Percent occupied housing units!!Margin of Error","ZCTA5 90304!!Owner-occupied housing units!!Estimate","ZCTA5 90304!!Owner-occupied housing units!!Margin of Error","ZCTA5 90304!!Percent owner-occupied housing units!!Estimate","ZCTA5 90304!!Percent owner-occupied housing units!!Margin of Error","ZCTA5 90304!!Renter-occupied housing units!!Estimate","ZCTA5 90304!!Renter-occupied housing units!!Margin of Error","ZCTA5 90304!!Percent renter-occupied housing units!!Estimate","ZCTA5 90304!!Percent renter-occupied housing units!!Margin of Error","ZCTA5 90305!!Occupied housing units!!Estimate","ZCTA5 90305!!Occupied housing units!!Margin of Error","ZCTA5 90305!!Percent occupied housing units!!Estimate","ZCTA5 90305!!Percent occupied housing units!!Margin of Error","ZCTA5 90305!!Owner-occupied housing units!!Estimate","ZCTA5 90305!!Owner-occupied housing units!!Margin of Error","ZCTA5 90305!!Percent owner-occupied housing units!!Estimate","ZCTA5 90305!!Percent owner-occupied housing units!!Margin of Error","ZCTA5 90305!!Renter-occupied housing units!!Estimate","ZCTA5 90305!!Renter-occupied housing units!!Margin of Error","ZCTA5 90305!!Percent renter-occupied housing units!!Estimate","ZCTA5 90305!!Percent renter-occupied housing units!!Margin of Error"
"Occupied housing units","16,789","±372","16,789","±372","8,858","±395","8,858","±395","7,931","±436","7,931","±436","15,576","±362","15,576","±362","8,169","±311","8,169","±311","7,407","±482","7,407","±482","32,242","±599","32,242","±599","9,714","±406","9,714","±406","22,528","±569","22,528","±569","12,096","±269","12,096","±269","3,124","±231","3,124","±231","8,972","±313","8,972","±313","10,872","±255","10,872","±255","3,035","±282","3,035","±282","7,837","±351","7,837","±351","7,231","±228","7,231","±228","2,856","±189","2,856","±189","4,375","±264","4,375","±264","6,443","±231","6,443","±231","1,921","±182","1,921","±182","4,522","±268","4,522","±268","5,775","±184","5,775","±184","3,880","±229","3,880","±229","1,895","±241","1,895","±241"
"    HOUSEHOLD INCOME IN THE PAST 12 MONTHS (IN 2017 INFLATION-ADJUSTED DOLLARS)","","","","","","","","","","","","","","","","","","","","","","","","","","","","","","","","","","","","","","","","","","","","","","","","","","","","","","","","","","","","","","","","","","","","","","","","","","","","","","","","","","","","","","","","","","","","","","","",""
"        Less than $5,000","832","±171","5.0%","±1.0","259","±100","2.9%","±1.1","573","±152","7.2%","±1.9","649","±207","4.2%","±1.3","134","±59","1.6%","±0.7","515","±188","7.0%","±2.5","979","±186","3.0%","±0.6","184","±86","1.9%","±0.9","795","±174","3.5%","±0.8","406","±167","3.4%","±1.4","11","±18","0.4%","±0.6","395","±169","4.4%","±1.9","485","±172","4.5%","±1.6","90","±62","3.0%","±2.0","395","±164","5.0%","±2.1","234","±95","3.2%","±1.3","29","±22","1.0%","±0.8","205","±89","4.7%","±2.0","182","±85","2.8%","±1.3","49","±45","2.6%","±2.3","133","±70","2.9%","±1.6","201","±85","3.5%","±1.5","61","±40","1.6%","±1.0","140","±72","7.4%","±3.8"
"        $5,000 to $9,999","890","±221","5.3%","±1.3","187","±88","2.1%","±1.0","703","±200","8.9%","±2.5","211","±98","1.4%","±0.6","51","±42","0.6%","±0.5","160","±80","2.2%","±1.1","827","±174","2.6%","±0.5","140","±59","1.4%","±0.6","687","±168","3.0%","±0.7","594","±197","4.9%","±1.6","74","±51","2.4%","±1.6","520","±194","5.8%","±2.2","336","±150","3.1%","±1.4","77","±52","2.5%","±1.7","259","±137","3.3%","±1.7","216","±100","3.0%","±1.4","14","±21","0.5%","±0.7","202","±95","4.6%","±2.1","69","±43","1.1%","±0.7","6","±10","0.3%","±0.5","63","±42","1.4%","±0.9","108","±75","1.9%","±1.3","26","±21","0.7%","±0.5","82","±69","4.3%","±3.7"
"        $10,000 to $14,999","2,083","±301","12.4%","±1.8","483","±138","5.5%","±1.5","1,600","±267","20.2%","±3.4","337","±102","2.2%","±0.7","114","±55","1.4%","±0.7","223","±92","3.0%","±1.3","1,669","±315","5.2%","±0.9","124","±80","1.3%","±0.8","1,545","±302","6.9%","±1.3","744","±166","6.2%","±1.4","73","±67","2.3%","±2.1","671","±150","7.5%","±1.7","596","±194","5.5%","±1.8","24","±19","0.8%","±0.6","572","±195","7.3%","±2.5","595","±147","8.2%","±1.9","109","±62","3.8%","±2.1","486","±137","11.1%","±2.8","332","±125","5.2%","±1.9","34","±40","1.8%","±2.0","298","±116","6.6%","±2.5","287","±118","5.0%","±2.0","123","±71","3.2%","±1.8","164","±92","8.7%","±4.6"
"        $15,000 to $19,999","1,048","±188","6.2%","±1.1","268","±97","3.0%","±1.1","780","±178","9.8%","±2.2","411","±159","2.6%","±1.0","89","±59","1.1%","±0.7","322","±139","4.3%","±1.9","1,473","±219","4.6%","±0.7","200","±80","2.1%","±0.8","1,273","±206","5.7%","±0.9","869","±192","7.2%","±1.6","45","±39","1.4%","±1.2","824","±189","9.2%","±2.1","646","±189","5.9%","±1.7","134","±64","4.4%","±2.1","512","±173","6.5%","±2.2","478","±103","6.6%","±1.5","126","±51","4.4%","±1.8","352","±92","8.0%","±2.2","482","±127","7.5%","±1.9","60","±41","3.1%","±2.1","422","±121","9.3%","±2.6","171","±76","3.0%","±1.3","116","±58","3.0%","±1.5","55","±51","2.9%","±2.7"
"        $20,000 to $24,999","811","±210","4.8%","±1.3","269","±90","3.0%","±1.0","542","±180","6.8%","±2.2","654","±179","4.2%","±1.1","211","±91","2.6%","±1.1","443","±164","6.0%","±2.2","2,112","±335","6.6%","±1.0","291","±111","3.0%","±1.1","1,821","±314","8.1%","±1.3","948","±194","7.8%","±1.6","83","±55","2.7%","±1.7","865","±182","9.6%","±2.0","605","±173","5.6%","±1.5","104","±51","3.4%","±1.7","501","±165","6.4%","±2.1","374","±112","5.2%","±1.5","64","±38","2.2%","±1.3","310","±102","7.1%","±2.2","782","±229","12.1%","±3.5","65","±48","3.4%","±2.4","717","±216","15.9%","±4.7","248","±110","4.3%","±2.0","156","±85","4.0%","±2.2","92","±71","4.9%","±3.9"
"        $25,000 to $34,999","1,895","±266","11.3%","±1.6","607","±140","6.9%","±1.6","1,288","±236","16.2%","±2.8","1,258","±269","8.1%","±1.7","597","±170","7.3%","±2.1","661","±215","8.9%","±2.8","3,746","±387","11.6%","±1.1","588","±134","6.1%","±1.4","3,158","±381","14.0%","±1.6","1,383","±249","11.4%","±2.0","197","±88","6.3%","±2.8","1,186","±236","13.2%","±2.6","1,522","±290","14.0%","±2.7","225","±91","7.4%","±2.8","1,297","±275","16.5%","±3.5","926","±151","12.8%","±2.1","253","±84","8.9%","±2.9","673","±126","15.4%","±2.9","969","±162","15.0%","±2.4","164","±57","8.5%","±2.8","805","±151","17.8%","±3.3","448","±127","7.8%","±2.2","318","±117","8.2%","±2.9","130","±70","6.9%","±3.7"
"        $35,000 to $49,999","1,643","±297","9.8%","±1.7","686","±180","7.7%","±2.0","957","±222","12.1%","±2.8","878","±201","5.6%","±1.3","308","±78","3.8%","±0.9","570","±185","7.7%","±2.5","5,555","±436","17.2%","±1.4","863","±173","8.9%","±1.8","4,692","±432","20.8%","±1.9","2,231","±294","18.4%","±2.4","540","±140","17.3%","±4.3","1,691","±284","18.8%","±3.1","1,745","±291","16.1%","±2.7","325","±94","10.7%","±3.0","1,420","±260","18.1%","±3.3","1,145","±194","15.8%","±2.6","338","±93","11.8%","±3.2","807","±158","18.4%","±3.5","963","±163","14.9%","±2.5","188","±77","9.8%","±4.0","775","±154","17.1%","±3.3","642","±156","11.1%","±2.7","307","±89","7.9%","±2.2","335","±142","17.7%","±6.6"
"        $50,000 to $74,999","2,391","±337","14.2%","±1.9","1,606","±284","18.1%","±3.0","785","±215","9.9%","±2.5","2,275","±357","14.6%","±2.2","802","±177","9.8%","±2.1","1,473","±305","19.9%","±3.8","6,424","±537","19.9%","±1.7","1,741","±273","17.9%","±2.7","4,683","±452","20.8%","±2.0","2,237","±298","18.5%","±2.4","715","±135","22.9%","±3.9","1,522","±253","17.0%","±2.7","2,125","±347","19.5%","±3.2","500","±131","16.5%","±4.1","1,625","±327","20.7%","±4.1","1,336","±182","18.5%","±2.5","590","±127","20.7%","±4.0","746","±158","17.1%","±3.5","1,299","±225","20.2%","±3.5","576","±126","30.0%","±6.3","723","±185","16.0%","±4.0","1,003","±189","17.4%","±3.1","618","±138","15.9%","±3.4","385","±124","20.3%","±6.0"
"        $75,000 to $99,999","1,257","±237","7.5%","±1.4","1,037","±219","11.7%","±2.4","220","±88","2.8%","±1.1","1,857","±288","11.9%","±1.8","892","±154","10.9%","±1.9","965","±229","13.0%","±3.0","3,242","±327","10.1%","±1.1","1,369","±195","14.1%","±1.9","1,873","±275","8.3%","±1.2","1,293","±251","10.7%","±2.1","551","±168","17.6%","±5.4","742","±178","8.3%","±2.0","866","±190","8.0%","±1.7","318","±95","10.5%","±3.2","548","±150","7.0%","±1.9","802","±140","11.1%","±1.9","478","±97","16.7%","±3.3","324","±98","7.4%","±2.2","587","±170","9.1%","±2.6","292","±112","15.2%","±5.4","295","±119","6.5%","±2.6","666","±138","11.5%","±2.4","559","±137","14.4%","±3.5","107","±65","5.6%","±3.5"
"        $100,000 to $149,999","1,921","±267","11.4%","±1.6","1,727","±255","19.5%","±2.7","194","±86","2.4%","±1.1","2,730","±334","17.5%","±2.1","1,589","±246","19.5%","±2.8","1,141","±258","15.4%","±3.3","3,664","±383","11.4%","±1.2","2,162","±253","22.3%","±2.5","1,502","±296","6.7%","±1.3","982","±225","8.1%","±1.8","510","±130","16.3%","±4.0","472","±166","5.3%","±1.8","1,321","±245","12.2%","±2.2","748","±180","24.6%","±5.0","573","±193","7.3%","±2.4","667","±124","9.2%","±1.8","479","±105","16.8%","±3.5","188","±65","4.3%","±1.5","536","±156","8.3%","±2.4","287","±116","14.9%","±5.9","249","±86","5.5%","±1.8","1,044","±183","18.1%","±3.0","751","±152","19.4%","±3.9","293","±101","15.5%","±4.9"
"        $150,000 or more","2,018","±325","12.0%","±1.9","1,729","±286","19.5%","±3.1","289","±168","3.6%","±2.1","4,316","±339","27.7%","±2.1","3,382","±264","41.4%","±3.0","934","±233","12.6%","±3.0","2,551","±300","7.9%","±0.9","2,052","±285","21.1%","±2.6","499","±142","2.2%","±0.6","409","±136","3.4%","±1.1","325","±122","10.4%","±3.9","84","±58","0.9%","±0.6","625","±172","5.7%","±1.6","490","±143","16.1%","±4.3","135","±83","1.7%","±1.1","458","±98","6.3%","±1.4","376","±86","13.2%","±2.8","82","±53","1.9%","±1.2","242","±77","3.8%","±1.2","200","±67","10.4%","±3.4","42","±38","0.9%","±0.9","957","±171","16.6%","±3.0","845","±166","21.8%","±4.0","112","±57","5.9%","±3.0"
"        Median household income (dollars)","41,812","±2,771","41,812","±2,771","76,212","±7,707","76,212","±7,707","22,296","±3,194","22,296","±3,194","90,399","±5,986","90,399","±5,986","127,230","±8,217","127,230","±8,217","63,595","±2,933","63,595","±2,933","49,417","±1,527","49,417","±1,527","86,628","±8,057","86,628","±8,057","40,865","±1,559","40,865","±1,559","42,100","±1,928","42,100","±1,928","68,125","±9,824","68,125","±9,824","35,240","±3,603","35,240","±3,603","43,788","±3,706","43,788","±3,706","79,779","±14,560","79,779","±14,560","38,176","±3,236","38,176","±3,236","44,470","±3,253","44,470","±3,253","68,636","±6,879","68,636","±6,879","34,359","±2,731","34,359","±2,731","41,054","±4,718","41,054","±4,718","66,996","±5,306","66,996","±5,306","32,951","±2,722","32,951","±2,722","68,760","±4,066","68,760","±4,066","82,789","±7,210","82,789","±7,210","48,738","±4,076","48,738","±4,076"
"    MONTHLY HOUSING COSTS","","","","","","","","","","","","","","","","","","","","","","","","","","","","","","","","","","","","","","","","","","","","","","","","","","","","","","","","","","","","","","","","","","","","","","","","","","","","","","","","","","","","","","","","","","","","","","","",""
"        Less than $300","656","±206","3.9%","±1.2","267","±105","3.0%","±1.2","389","±165","4.9%","±2.1","215","±79","1.4%","±0.5","208","±77","2.5%","±0.9","7","±10","0.1%","±0.1","709","±165","2.2%","±0.5","591","±156","6.1%","±1.6","118","±76","0.5%","±0.3","427","±113","3.5%","±0.9","237","±98","7.6%","±3.1","190","±88","2.1%","±1.0","213","±103","2.0%","±0.9","132","±59","4.3%","±1.9","81","±81","1.0%","±1.0","115","±53","1.6%","±0.7","103","±49","3.6%","±1.7","12","±20","0.3%","±0.5","162","±68","2.5%","±1.1","120","±59","6.2%","±3.0","42","±41","0.9%","±0.9","125","±69","2.2%","±1.2","111","±65","2.9%","±1.7","14","±17","0.7%","±0.9"
"        $300 to $499","1,047","±200","6.2%","±1.2","652","±147","7.4%","±1.6","395","±141","5.0%","±1.7","722","±137","4.6%","±0.9","665","±132","8.1%","±1.6","57","±48","0.8%","±0.7","1,252","±181","3.9%","±0.5","1,025","±175","10.6%","±1.7","227","±106","1.0%","±0.5","614","±137","5.1%","±1.1","246","±88","7.9%","±2.7","368","±106","4.1%","±1.2","443","±116","4.1%","±1.0","291","±84","9.6%","±2.7","152","±77","1.9%","±1.0","314","±75","4.3%","±1.0","271","±71","9.5%","±2.4","43","±29","1.0%","±0.7","302","±111","4.7%","±1.7","253","±98","13.2%","±4.9","49","±40","1.1%","±0.9","373","±91","6.5%","±1.6","351","±85","9.0%","±2.3","22","±34","1.2%","±1.8"
"        $500 to $799","1,858","±318","11.1%","±1.9","732","±183","8.3%","±2.0","1,126","±242","14.2%","±3.1","1,032","±184","6.6%","±1.2","935","±177","11.4%","±2.1","97","±58","1.3%","±0.8","1,730","±270","5.4%","±0.8","613","±148","6.3%","±1.4","1,117","±231","5.0%","±1.0","1,086","±236","9.0%","±1.9","263","±95","8.4%","±2.9","823","±210","9.2%","±2.3","824","±184","7.6%","±1.7","198","±84","6.5%","±2.7","626","±178","8.0%","±2.2","803","±152","11.1%","±2.0","355","±87","12.4%","±3.0","448","±137","10.2%","±3.0","720","±131","11.2%","±2.0","208","±67","10.8%","±3.5","512","±119","11.3%","±2.6","399","±133","6.9%","±2.3","307","±116","7.9%","±3.0","92","±55","4.9%","±3.0"
"        $800 to $999","1,665","±259","9.9%","±1.6","312","±83","3.5%","±0.9","1,353","±247","17.1%","±3.2","638","±158","4.1%","±1.0","427","±130","5.2%","±1.6","211","±118","2.8%","±1.6","6,215","±618","19.3%","±1.8","266","±93","2.7%","±1.0","5,949","±605","26.4%","±2.5","1,939","±294","16.0%","±2.3","184","±72","5.9%","±2.2","1,755","±294","19.6%","±3.2","1,253","±253","11.5%","±2.3","42","±30","1.4%","±1.0","1,211","±253","15.5%","±3.1","894","±154","12.4%","±2.1","89","±46","3.1%","±1.6","805","±153","18.4%","±3.4","1,234","±205","19.2%","±3.0","42","±28","2.2%","±1.5","1,192","±201","26.4%","±4.1","425","±110","7.4%","±1.9","135","±59","3.5%","±1.5","290","±105","15.3%","±5.3"
"        $1,000 to $1,499","3,930","±401","23.4%","±2.2","1,285","±200","14.5%","±2.2","2,645","±352","33.4%","±3.7","2,130","±296","13.7%","±1.9","524","±145","6.4%","±1.8","1,606","±273","21.7%","±3.5","12,175","±646","37.8%","±1.9","1,123","±190","11.6%","±1.9","11,052","±671","49.1%","±2.7","4,640","±343","38.4%","±2.9","560","±146","17.9%","±4.4","4,080","±332","45.5%","±3.8","4,627","±376","42.6%","±3.4","644","±134","21.2%","±4.1","3,983","±352","50.8%","±4.2","2,516","±252","34.8%","±3.1","376","±81","13.2%","±2.8","2,140","±246","48.9%","±4.6","2,539","±232","39.4%","±3.3","310","±91","16.1%","±4.6","2,229","±224","49.3%","±4.1","1,049","±196","18.2%","±3.3","319","±97","8.2%","±2.5","730","±155","38.5%","±7.4"
"        $1,500 to $1,999","2,518","±335","15.0%","±1.9","1,479","±243","16.7%","±2.6","1,039","±240","13.1%","±2.8","3,164","±377","20.3%","±2.3","728","±175","8.9%","±2.1","2,436","±360","32.9%","±4.4","4,000","±389","12.4%","±1.2","1,424","±223","14.7%","±2.2","2,576","±330","11.4%","±1.5","2,168","±284","17.9%","±2.3","772","±154","24.7%","±4.9","1,396","±278","15.6%","±3.0","2,023","±292","18.6%","±2.6","550","±126","18.1%","±4.0","1,473","±279","18.8%","±3.4","1,375","±169","19.0%","±2.4","616","±105","21.6%","±3.4","759","±153","17.3%","±3.4","824","±159","12.8%","±2.4","494","±126","25.7%","±6.4","330","±92","7.3%","±2.0","1,380","±227","23.9%","±3.9","894","±175","23.0%","±4.5","486","±161","25.6%","±7.0"
"        $2,000 to $2,499","2,148","±288","12.8%","±1.7","1,638","±271","18.5%","±2.9","510","±143","6.4%","±1.8","2,609","±377","16.8%","±2.3","818","±170","10.0%","±2.0","1,791","±357","24.2%","±4.5","2,410","±293","7.5%","±0.9","1,715","±257","17.7%","±2.6","695","±167","3.1%","±0.8","697","±148","5.8%","±1.2","488","±137","15.6%","±4.1","209","±89","2.3%","±1.0","624","±147","5.7%","±1.3","434","±116","14.3%","±3.8","190","±97","2.4%","±1.2","633","±114","8.8%","±1.5","545","±102","19.1%","±3.5","88","±43","2.0%","±1.0","323","±100","5.0%","±1.6","268","±97","14.0%","±4.7","55","±49","1.2%","±1.1","789","±182","13.7%","±3.0","675","±158","17.4%","±3.9","114","±71","6.0%","±3.7"
"        $2,500 to $2,999","1,118","±191","6.7%","±1.1","1,069","±175","12.1%","±2.0","49","±60","0.6%","±0.8","1,275","±246","8.2%","±1.6","915","±206","11.2%","±2.5","360","±128","4.9%","±1.7","1,570","±267","4.9%","±0.8","1,237","±240","12.7%","±2.5","333","±126","1.5%","±0.6","260","±104","2.1%","±0.9","243","±101","7.8%","±3.2","17","±26","0.2%","±0.3","420","±107","3.9%","±1.0","345","±96","11.4%","±2.9","75","±54","1.0%","±0.7","344","±88","4.8%","±1.2","323","±85","11.3%","±2.8","21","±18","0.5%","±0.4","131","±74","2.0%","±1.1","103","±66","5.4%","±3.3","28","±32","0.6%","±0.7","695","±172","12.0%","±2.9","665","±171","17.1%","±4.0","30","±34","1.6%","±1.8"
"        $3,000 or more","1,513","±235","9.0%","±1.4","1,424","±254","16.1%","±2.7","89","±87","1.1%","±1.1","3,674","±285","23.6%","±1.8","2,949","±265","36.1%","±2.9","725","±216","9.8%","±2.7","1,866","±276","5.8%","±0.8","1,720","±255","17.7%","±2.3","146","±81","0.6%","±0.4","131","±62","1.1%","±0.5","131","±62","4.2%","±2.0","0","±26","0.0%","±0.4","399","±164","3.7%","±1.5","399","±164","13.1%","±4.8","0","±26","0.0%","±0.4","191","±62","2.6%","±0.9","178","±64","6.2%","±2.2","13","±15","0.3%","±0.3","129","±64","2.0%","±1.0","123","±64","6.4%","±3.2","6","±8","0.1%","±0.2","498","±103","8.6%","±1.8","423","±102","10.9%","±2.5","75","±61","4.0%","±3.2"
"        No cash rent","336","±112","2.0%","±0.7","(X)","(X)","(X)","(X)","336","±112","4.2%","±1.4","117","±95","0.8%","±0.6","(X)","(X)","(X)","(X)","117","±95","1.6%","±1.3","315","±99","1.0%","±0.3","(X)","(X)","(X)","(X)","315","±99","1.4%","±0.4","134","±83","1.1%","±0.7","(X)","(X)","(X)","(X)","134","±83","1.5%","±0.9","46","±38","0.4%","±0.3","(X)","(X)","(X)","(X)","46","±38","0.6%","±0.5","46","±30","0.6%","±0.4","(X)","(X)","(X)","(X)","46","±30","1.1%","±0.7","79","±58","1.2%","±0.9","(X)","(X)","(X)","(X)","79","±58","1.7%","±1.3","42","±28","0.7%","±0.5","(X)","(X)","(X)","(X)","42","±28","2.2%","±1.5"
"        Median (dollars)","1,349","±64","1,349","±64","1,898","±101","1,898","±101","1,070","±41","1,070","±41","1,974","±61","1,974","±61","2,365","±146","2,365","±146","1,842","±59","1,842","±59","1,215","±21","1,215","±21","1,927","±109","1,927","±109","1,140","±18","1,140","±18","1,196","±34","1,196","±34","1,546","±107","1,546","±107","1,139","±31","1,139","±31","1,274","±46","1,274","±46","1,684","±138","1,684","±138","1,208","±38","1,208","±38","1,285","±50","1,285","±50","1,653","±79","1,653","±79","1,188","±38","1,188","±38","1,124","±31","1,124","±31","1,549","±201","1,549","±201","1,075","±30","1,075","±30","1,640","±56","1,640","±56","1,887","±107","1,887","±107","1,362","±74","1,362","±74"
"    MONTHLY HOUSING COSTS AS A PERCENTAGE OF HOUSEHOLD INCOME IN THE PAST 12 MONTHS","","","","","","","","","","","","","","","","","","","","","","","","","","","","","","","","","","","","","","","","","","","","","","","","","","","","","","","","","","","","","","","","","","","","","","","","","","","","","","","","","","","","","","","","","","","","","","","",""
"        Less than $20,000","4,450","±388","26.5%","±2.3","1,114","±181","12.6%","±1.9","3,336","±382","42.1%","±4.6","1,174","±215","7.5%","±1.4","341","±103","4.2%","±1.2","833","±180","11.2%","±2.5","4,384","±492","13.6%","±1.4","574","±138","5.9%","±1.4","3,810","±439","16.9%","±1.8","2,336","±285","19.3%","±2.4","203","±98","6.5%","±3.1","2,133","±279","23.8%","±3.1","1,917","±253","17.6%","±2.2","325","±79","10.7%","±2.5","1,592","±260","20.3%","±3.1","1,408","±193","19.5%","±2.4","258","±81","9.0%","±2.9","1,150","±198","26.3%","±3.7","926","±182","14.4%","±2.7","125","±64","6.5%","±3.2","801","±167","17.7%","±3.5","673","±158","11.7%","±2.7","304","±93","7.8%","±2.3","369","±129","19.5%","±6.3"
"            Less than 20 percent","65","±69","0.4%","±0.4","8","±14","0.1%","±0.2","57","±67","0.7%","±0.8","32","±32","0.2%","±0.2","25","±30","0.3%","±0.4","7","±10","0.1%","±0.1","38","±30","0.1%","±0.1","38","±30","0.4%","±0.3","0","±29","0.0%","±0.2","30","±29","0.2%","±0.2","18","±23","0.6%","±0.7","12","±18","0.1%","±0.2","25","±28","0.2%","±0.3","14","±22","0.5%","±0.7","11","±18","0.1%","±0.2","12","±20","0.2%","±0.3","0","±23","0.0%","±1.2","12","±20","0.3%","±0.5","11","±18","0.2%","±0.3","11","±18","0.6%","±0.9","0","±23","0.0%","±0.8","25","±28","0.4%","±0.5","25","±28","0.6%","±0.7","0","±19","0.0%","±1.8"
"            20 to 29 percent","217","±102","1.3%","±0.6","44","±42","0.5%","±0.5","173","±92","2.2%","±1.1","31","±30","0.2%","±0.2","22","±28","0.3%","±0.3","9","±14","0.1%","±0.2","93","±56","0.3%","±0.2","74","±49","0.8%","±0.5","19","±29","0.1%","±0.1","212","±91","1.8%","±0.8","35","±33","1.1%","±1.0","177","±85","2.0%","±0.9","41","±35","0.4%","±0.3","41","±35","1.4%","±1.1","0","±26","0.0%","±0.4","59","±41","0.8%","±0.6","49","±39","1.7%","±1.3","10","±16","0.2%","±0.4","31","±34","0.5%","±0.5","16","±25","0.8%","±1.3","15","±24","0.3%","±0.5","51","±58","0.9%","±1.0","44","±58","1.1%","±1.5","7","±11","0.4%","±0.6"
"            30 percent or more","4,168","±374","24.8%","±2.3","1,062","±180","12.0%","±1.9","3,106","±367","39.2%","±4.5","1,111","±209","7.1%","±1.4","294","±99","3.6%","±1.2","817","±181","11.0%","±2.6","4,253","±498","13.2%","±1.4","462","±145","4.8%","±1.5","3,791","±442","16.8%","±1.8","2,094","±288","17.3%","±2.4","150","±87","4.8%","±2.8","1,944","±277","21.7%","±3.1","1,851","±256","17.0%","±2.3","270","±78","8.9%","±2.5","1,581","±260","20.2%","±3.1","1,337","±191","18.5%","±2.4","209","±69","7.3%","±2.5","1,128","±197","25.8%","±3.7","884","±180","13.7%","±2.6","98","±62","5.1%","±3.1","786","±167","17.4%","±3.5","597","±149","10.3%","±2.5","235","±79","6.1%","±2.0","362","±128","19.1%","±6.2"
"        $20,000 to $34,999","2,630","±317","15.7%","±1.9","876","±172","9.9%","±2.0","1,754","±288","22.1%","±3.4","1,912","±283","12.3%","±1.8","808","±193","9.9%","±2.3","1,104","±249","14.9%","±3.2","5,778","±520","17.9%","±1.5","879","±172","9.0%","±1.7","4,899","±500","21.7%","±2.0","2,308","±300","19.1%","±2.4","280","±105","9.0%","±3.2","2,028","±284","22.6%","±3.0","2,120","±305","19.5%","±2.8","329","±102","10.8%","±3.1","1,791","±294","22.9%","±3.6","1,279","±191","17.7%","±2.6","317","±94","11.1%","±3.3","962","±151","22.0%","±3.3","1,729","±290","26.8%","±4.3","229","±74","11.9%","±3.5","1,500","±266","33.2%","±5.7","696","±179","12.1%","±3.2","474","±138","12.2%","±3.5","222","±94","11.7%","±5.2"
"            Less than 20 percent","161","±79","1.0%","±0.5","118","±66","1.3%","±0.8","43","±48","0.5%","±0.6","158","±77","1.0%","±0.5","158","±77","1.9%","±0.9","0","±26","0.0%","±0.5","340","±101","1.1%","±0.3","309","±98","3.2%","±1.0","31","±33","0.1%","±0.1","111","±54","0.9%","±0.4","70","±47","2.2%","±1.5","41","±30","0.5%","±0.3","104","±66","1.0%","±0.6","77","±56","2.5%","±1.8","27","±32","0.3%","±0.4","69","±39","1.0%","±0.5","59","±35","2.1%","±1.2","10","±15","0.2%","±0.4","55","±36","0.9%","±0.6","41","±33","2.1%","±1.7","14","±14","0.3%","±0.3","123","±74","2.1%","±1.3","118","±74","3.0%","±1.9","5","±9","0.3%","±0.5"
"            20 to 29 percent","109","±53","0.6%","±0.3","6","±9","0.1%","±0.1","103","±52","1.3%","±0.7","131","±65","0.8%","±0.4","112","±60","1.4%","±0.7","19","±23","0.3%","±0.3","305","±110","0.9%","±0.3","121","±62","1.2%","±0.6","184","±96","0.8%","±0.4","73","±56","0.6%","±0.5","10","±13","0.3%","±0.4","63","±53","0.7%","±0.6","174","±100","1.6%","±0.9","43","±38","1.4%","±1.2","131","±90","1.7%","±1.1","83","±52","1.1%","±0.7","29","±29","1.0%","±1.0","54","±42","1.2%","±1.0","82","±48","1.3%","±0.7","0","±23","0.0%","±1.8","82","±48","1.8%","±1.1","30","±26","0.5%","±0.4","30","±26","0.8%","±0.7","0","±19","0.0%","±1.8"
"            30 percent or more","2,360","±313","14.1%","±1.8","752","±166","8.5%","±1.9","1,608","±290","20.3%","±3.5","1,623","±273","10.4%","±1.8","538","±165","6.6%","±2.0","1,085","±254","14.6%","±3.2","5,133","±497","15.9%","±1.4","449","±134","4.6%","±1.4","4,684","±488","20.8%","±2.0","2,124","±296","17.6%","±2.4","200","±88","6.4%","±2.7","1,924","±276","21.4%","±2.9","1,842","±281","16.9%","±2.5","209","±81","6.9%","±2.5","1,633","±281","20.8%","±3.4","1,127","±174","15.6%","±2.4","229","±78","8.0%","±2.8","898","±146","20.5%","±3.2","1,592","±278","24.7%","±4.1","188","±68","9.8%","±3.3","1,404","±261","31.0%","±5.6","543","±164","9.4%","±2.9","326","±126","8.4%","±3.2","217","±93","11.5%","±5.1"
"        $35,000 to $49,999","1,585","±293","9.4%","±1.7","686","±180","7.7%","±2.0","899","±216","11.3%","±2.7","878","±201","5.6%","±1.3","308","±78","3.8%","±0.9","570","±185","7.7%","±2.5","5,459","±436","16.9%","±1.3","863","±173","8.9%","±1.8","4,596","±432","20.4%","±1.9","2,214","±292","18.3%","±2.4","540","±140","17.3%","±4.3","1,674","±282","18.7%","±3.1","1,745","±291","16.1%","±2.7","325","±94","10.7%","±3.0","1,420","±260","18.1%","±3.3","1,132","±193","15.7%","±2.6","338","±93","11.8%","±3.2","794","±158","18.1%","±3.5","963","±163","14.9%","±2.5","188","±77","9.8%","±4.0","775","±154","17.1%","±3.3","642","±156","11.1%","±2.7","307","±89","7.9%","±2.2","335","±142","17.7%","±6.6"
"            Less than 20 percent","185","±91","1.1%","±0.5","185","±91","2.1%","±1.0","0","±26","0.0%","±0.4","101","±54","0.6%","±0.3","82","±46","1.0%","±0.6","19","±30","0.3%","±0.4","355","±136","1.1%","±0.4","248","±95","2.6%","±1.0","107","±72","0.5%","±0.3","186","±91","1.5%","±0.8","129","±70","4.1%","±2.2","57","±60","0.6%","±0.7","164","±91","1.5%","±0.8","88","±52","2.9%","±1.7","76","±71","1.0%","±0.9","97","±50","1.3%","±0.7","89","±47","3.1%","±1.7","8","±14","0.2%","±0.3","96","±49","1.5%","±0.8","67","±45","3.5%","±2.3","29","±32","0.6%","±0.7","86","±46","1.5%","±0.8","68","±43","1.8%","±1.1","18","±15","0.9%","±0.8"
"            20 to 29 percent","293","±112","1.7%","±0.7","131","±75","1.5%","±0.8","162","±95","2.0%","±1.2","57","±37","0.4%","±0.2","32","±30","0.4%","±0.4","25","±22","0.3%","±0.3","1,752","±322","5.4%","±1.0","70","±41","0.7%","±0.4","1,682","±329","7.5%","±1.4","433","±136","3.6%","±1.1","53","±43","1.7%","±1.3","380","±126","4.2%","±1.4","334","±151","3.1%","±1.4","15","±18","0.5%","±0.6","319","±150","4.1%","±1.9","268","±90","3.7%","±1.2","59","±46","2.1%","±1.6","209","±81","4.8%","±1.9","311","±105","4.8%","±1.6","0","±23","0.0%","±1.8","311","±105","6.9%","±2.2","122","±63","2.1%","±1.1","52","±35","1.3%","±0.9","70","±52","3.7%","±2.7"
"            30 percent or more","1,107","±238","6.6%","±1.4","370","±118","4.2%","±1.3","737","±192","9.3%","±2.4","720","±186","4.6%","±1.2","194","±68","2.4%","±0.8","526","±181","7.1%","±2.4","3,352","±344","10.4%","±1.1","545","±151","5.6%","±1.6","2,807","±309","12.5%","±1.4","1,595","±266","13.2%","±2.2","358","±124","11.5%","±3.9","1,237","±259","13.8%","±2.8","1,247","±268","11.5%","±2.4","222","±88","7.3%","±2.9","1,025","±228","13.1%","±2.9","767","±170","10.6%","±2.3","190","±71","6.7%","±2.4","577","±142","13.2%","±3.2","556","±142","8.6%","±2.2","121","±56","6.3%","±2.9","435","±132","9.6%","±2.9","434","±140","7.5%","±2.4","187","±87","4.8%","±2.2","247","±128","13.0%","±6.1"
"        $50,000 to $74,999","2,378","±333","14.2%","±1.9","1,606","±284","18.1%","±3.0","772","±213","9.7%","±2.5","2,275","±357","14.6%","±2.2","802","±177","9.8%","±2.1","1,473","±305","19.9%","±3.8","6,400","±536","19.8%","±1.7","1,741","±273","17.9%","±2.7","4,659","±450","20.7%","±2.0","2,237","±298","18.5%","±2.4","715","±135","22.9%","±3.9","1,522","±253","17.0%","±2.7","2,125","±347","19.5%","±3.2","500","±131","16.5%","±4.1","1,625","±327","20.7%","±4.1","1,336","±182","18.5%","±2.5","590","±127","20.7%","±4.0","746","±158","17.1%","±3.5","1,299","±225","20.2%","±3.5","576","±126","30.0%","±6.3","723","±185","16.0%","±4.0","989","±186","17.1%","±3.1","618","±138","15.9%","±3.4","371","±120","19.6%","±5.8"
"            Less than 20 percent","523","±156","3.1%","±0.9","424","±146","4.8%","±1.6","99","±53","1.2%","±0.7","354","±124","2.3%","±0.8","260","±86","3.2%","±1.1","94","±84","1.3%","±1.1","1,500","±276","4.7%","±0.9","492","±130","5.1%","±1.3","1,008","±228","4.5%","±1.0","530","±123","4.4%","±1.0","226","±83","7.2%","±2.6","304","±105","3.4%","±1.2","372","±144","3.4%","±1.3","106","±60","3.5%","±1.9","266","±134","3.4%","±1.7","411","±118","5.7%","±1.6","203","±70","7.1%","±2.4","208","±92","4.8%","±2.1","397","±118","6.2%","±1.8","220","±80","11.5%","±4.0","177","±79","3.9%","±1.7","236","±103","4.1%","±1.8","162","±78","4.2%","±2.0","74","±59","3.9%","±3.1"
"            20 to 29 percent","622","±210","3.7%","±1.2","290","±139","3.3%","±1.5","332","±133","4.2%","±1.6","672","±182","4.3%","±1.2","136","±71","1.7%","±0.9","536","±167","7.2%","±2.2","3,020","±361","9.4%","±1.1","333","±129","3.4%","±1.3","2,687","±341","11.9%","±1.5","1,015","±253","8.4%","±2.0","162","±78","5.2%","±2.5","853","±227","9.5%","±2.5","985","±223","9.1%","±2.0","146","±85","4.8%","±2.7","839","±211","10.7%","±2.6","488","±121","6.7%","±1.7","120","±47","4.2%","±1.6","368","±103","8.4%","±2.4","529","±146","8.2%","±2.3","73","±44","3.8%","±2.3","456","±139","10.1%","±3.0","265","±97","4.6%","±1.7","82","±38","2.1%","±1.0","183","±85","9.7%","±4.1"
"            30 percent or more","1,233","±220","7.3%","±1.3","892","±202","10.1%","±2.2","341","±142","4.3%","±1.8","1,249","±315","8.0%","±2.0","406","±148","5.0%","±1.8","843","±249","11.4%","±3.2","1,880","±310","5.8%","±1.0","916","±203","9.4%","±2.1","964","±231","4.3%","±1.0","692","±189","5.7%","±1.6","327","±109","10.5%","±3.3","365","±144","4.1%","±1.6","768","±198","7.1%","±1.8","248","±84","8.2%","±2.8","520","±176","6.6%","±2.2","437","±108","6.0%","±1.5","267","±92","9.3%","±3.0","170","±66","3.9%","±1.5","373","±105","5.8%","±1.6","283","±97","14.7%","±5.0","90","±52","2.0%","±1.2","488","±129","8.5%","±2.2","374","±113","9.6%","±2.8","114","±67","6.0%","±3.5"
"        $75,000 or more","5,157","±382","30.7%","±2.2","4,493","±367","50.7%","±3.4","664","±181","8.4%","±2.2","8,859","±446","56.9%","±2.5","5,863","±315","71.8%","±2.9","2,996","±380","40.4%","±4.2","9,396","±477","29.1%","±1.6","5,583","±431","57.5%","±3.4","3,813","±385","16.9%","±1.8","2,658","±331","22.0%","±2.7","1,386","±194","44.4%","±5.8","1,272","±249","14.2%","±2.8","2,801","±301","25.8%","±2.7","1,556","±225","51.3%","±5.0","1,245","±228","15.9%","±2.8","1,922","±181","26.6%","±2.6","1,333","±162","46.7%","±4.8","589","±129","13.5%","±3.0","1,365","±243","21.2%","±3.8","779","±156","40.6%","±7.0","586","±176","13.0%","±3.8","2,654","±214","46.0%","±3.5","2,155","±202","55.5%","±4.2","499","±133","26.3%","±6.4"
"            Less than 20 percent","2,774","±322","16.5%","±1.9","2,352","±295","26.6%","±3.1","422","±143","5.3%","±1.8","4,527","±386","29.1%","±2.3","3,150","±287","38.6%","±3.2","1,377","±270","18.6%","±3.4","5,277","±405","16.4%","±1.3","2,729","±296","28.1%","±2.7","2,548","±303","11.3%","±1.4","1,389","±277","11.5%","±2.3","608","±136","19.5%","±4.4","781","±211","8.7%","±2.4","1,642","±244","15.1%","±2.2","769","±146","25.3%","±4.3","873","±210","11.1%","±2.6","1,064","±151","14.7%","±2.2","677","±117","23.7%","±3.8","387","±95","8.8%","±2.2","762","±175","11.8%","±2.7","390","±113","20.3%","±5.9","372","±129","8.2%","±2.8","1,373","±208","23.8%","±3.4","1,065","±179","27.4%","±4.4","308","±113","16.3%","±5.8"
"            20 to 29 percent","1,518","±225","9.0%","±1.3","1,282","±224","14.5%","±2.4","236","±108","3.0%","±1.3","2,525","±313","16.2%","±1.9","1,364","±199","16.7%","±2.4","1,161","±275","15.7%","±3.5","2,811","±305","8.7%","±0.9","1,760","±260","18.1%","±2.6","1,051","±233","4.7%","±1.0","993","±221","8.2%","±1.8","563","±166","18.0%","±5.1","430","±145","4.8%","±1.6","858","±206","7.9%","±1.9","528","±176","17.4%","±5.3","330","±110","4.2%","±1.4","618","±120","8.5%","±1.6","429","±100","15.0%","±3.4","189","±80","4.3%","±1.8","476","±143","7.4%","±2.2","262","±102","13.6%","±4.9","214","±103","4.7%","±2.3","857","±166","14.8%","±2.9","736","±152","19.0%","±3.8","121","±69","6.4%","±3.5"
"            30 percent or more","865","±191","5.2%","±1.1","859","±191","9.7%","±2.1","6","±8","0.1%","±0.1","1,807","±274","11.6%","±1.8","1,349","±216","16.5%","±2.6","458","±169","6.2%","±2.3","1,308","±260","4.1%","±0.8","1,094","±237","11.3%","±2.3","214","±86","0.9%","±0.4","276","±120","2.3%","±1.0","215","±99","6.9%","±3.2","61","±60","0.7%","±0.7","301","±106","2.8%","±1.0","259","±93","8.5%","±2.9","42","±44","0.5%","±0.6","240","±84","3.3%","±1.2","227","±81","7.9%","±2.8","13","±22","0.3%","±0.5","127","±69","2.0%","±1.1","127","±69","6.6%","±3.4","0","±23","0.0%","±0.8","424","±134","7.3%","±2.4","354","±120","9.1%","±3.0","70","±63","3.7%","±3.3"
"        Zero or negative income","253","±97","1.5%","±0.6","83","±63","0.9%","±0.7","170","±75","2.1%","±0.9","361","±146","2.3%","±0.9","47","±30","0.6%","±0.4","314","±147","4.2%","±2.0","510","±159","1.6%","±0.5","74","±58","0.8%","±0.6","436","±141","1.9%","±0.6","209","±135","1.7%","±1.1","0","±26","0.0%","±1.1","209","±135","2.3%","±1.5","118","±72","1.1%","±0.7","0","±26","0.0%","±1.1","118","±72","1.5%","±0.9","108","±61","1.5%","±0.8","20","±19","0.7%","±0.7","88","±57","2.0%","±1.3","82","±58","1.3%","±0.9","24","±35","1.2%","±1.8","58","±44","1.3%","±1.0","79","±54","1.4%","±0.9","22","±21","0.6%","±0.5","57","±52","3.0%","±2.8"
"        No cash rent","336","±112","2.0%","±0.7","(X)","(X)","(X)","(X)","336","±112","4.2%","±1.4","117","±95","0.8%","±0.6","(X)","(X)","(X)","(X)","117","±95","1.6%","±1.3","315","±99","1.0%","±0.3","(X)","(X)","(X)","(X)","315","±99","1.4%","±0.4","134","±83","1.1%","±0.7","(X)","(X)","(X)","(X)","134","±83","1.5%","±0.9","46","±38","0.4%","±0.3","(X)","(X)","(X)","(X)","46","±38","0.6%","±0.5","46","±30","0.6%","±0.4","(X)","(X)","(X)","(X)","46","±30","1.1%","±0.7","79","±58","1.2%","±0.9","(X)","(X)","(X)","(X)","79","±58","1.7%","±1.3","42","±28","0.7%","±0.5","(X)","(X)","(X)","(X)","42","±28","2.2%","±1.5"